date,open,close,high,low,mid,ma7,ma30,pct_change,year_month,weekday
2025-09-19,1388.25,1397.23,1399.7,1387.74,1393.72,,,,2025-09,Friday
2025-09-22,1397.23,1391.2,1398.17,1390.45,1394.31,,,0.04233274976321866,2025-09,Monday
2025-09-23,1391.2,1394.46,1395.77,1389.85,1392.81,,,-0.10758009337952235,2025-09,Tuesday
2025-09-24,1394.46,1404.96,1405.6,1392.79,1399.195,,,0.4584257723594831,2025-09,Wednesday
2025-09-25,1404.95,1409.13,1411.55,1398.95,1405.25,,,0.4327488305775784,2025-09,Thursday
2025-09-26,1409.13,1409.68,1413.92,1408.36,1411.14,,,0.41914250133427977,2025-09,Friday
2025-09-29,1409.69,1400.03,1409.69,1398.58,1404.135,1400.08,,-0.49640716016837727,2025-09,Monday
2025-09-30,1400.03,1404.24,1405.44,1398.94,1402.19,1401.2900000000002,,-0.13851944435541164,2025-09,Tuesday
2025-10-01,1404.24,1402.83,1409.35,1400.99,1405.17,1402.8414285714284,,0.21252469351513703,2025-10,Wednesday
2025-10-02,1402.83,1406.02,1408.3,1399.5,1403.9,1404.4257142857143,,-0.0903805233530397,2025-10,Thursday
2025-10-03,1406.02,1407.58,1412.41,1404.68,1408.545,1405.7614285714285,,0.3308640216539649,2025-10,Friday
2025-10-06,1407.54,1410.67,1415.3,1407.54,1411.42,1406.642857142857,,0.20411133474613763,2025-10,Monday
2025-10-07,1410.67,1416.07,1416.61,1408.12,1412.365,1406.8178571428573,,0.06695384789785486,2025-10,Tuesday
2025-10-08,1416.07,1421.52,1427.76,1415.58,1421.67,1409.3228571428572,,0.6588240291992564,2025-10,Wednesday
2025-10-09,1421.52,1422.89,1426.7,1416.56,1421.63,1412.1000000000001,,-0.0028135924652006317,2025-10,Thursday
2025-10-10,1422.82,1429.56,1430.19,1418.56,1424.375,1414.8435714285715,,0.19308821563979173,2025-10,Friday
2025-10-13,1429.56,1426.5,1432.09,1423.91,1428.0,1418.2864285714288,,0.2544975866608068,2025-10,Monday
2025-10-14,1426.51,1428.77,1435.73,1425.6,1430.665,1421.4464285714287,,0.18662464985994554,2025-10,Tuesday
2025-10-15,1428.77,1421.39,1430.35,1418.99,1424.67,1423.3392857142858,,-0.4190359028843127,2025-10,Wednesday
2025-10-16,1421.41,1417.09,1421.94,1414.36,1418.15,1424.1657142857146,,-0.45764984171773326,2025-10,Thursday
2025-10-17,1417.07,1421.74,1425.73,1416.59,1421.16,1424.0928571428574,,0.2122483517258411,2025-10,Friday
2025-10-20,1421.74,1421.24,1424.13,1417.1,1420.615,1423.9478571428572,,-0.03834895437530017,2025-10,Monday
2025-10-21,1421.23,1431.27,1433.09,1419.71,1426.4,1424.2371428571428,,0.4072180006546411,2025-10,Tuesday
2025-10-22,1431.26,1432.01,1433.25,1427.78,1430.515,1424.5964285714285,,0.2884885025238315,2025-10,Wednesday
2025-10-23,1432.01,1436.82,1441.53,1431.18,1436.355,1425.409285714286,,0.4082445832444881,2025-10,Thursday
2025-10-24,1436.82,1439.02,1439.84,1433.64,1436.74,1427.1335714285717,,0.026803958631393954,2025-10,Friday
2025-10-27,1439.02,1429.71,1439.02,1428.85,1433.935,1429.3885714285714,,-0.19523365396661996,2025-10,Monday
2025-10-28,1429.69,1431.56,1438.96,1429.03,1433.995,1431.222142857143,,0.00418429008288701,2025-10,Tuesday
2025-10-29,1431.55,1426.26,1435.63,1419.51,1427.57,1432.2157142857143,,-0.4480489820396838,2025-10,Wednesday
2025-10-30,1426.26,1429.63,1435.11,1419.33,1427.22,1432.3328571428572,1416.9271666666668,-0.0245171865477678,2025-10,Thursday
2025-10-31,1429.67,1429.22,1431.18,1424.19,1427.685,1431.928571428571,1418.0593333333334,0.03258082145709551,2025-10,Friday
2025-11-03,1429.2,1429.96,1432.68,1425.9,1429.29,1430.9192857142857,1419.2253333333333,0.11241975645888136,2025-11,Monday
2025-11-04,1429.97,1443.79,1444.1,1429.97,1437.035,1430.9614285714285,1420.6995,0.5418774356498846,2025-11,Tuesday
2025-11-05,1443.79,1440.72,1449.62,1439.66,1444.64,1432.4907142857141,1422.2143333333333,0.5292146677011944,2025-11,Wednesday
2025-11-06,1440.73,1448.89,1452.53,1440.73,1446.63,1434.2957142857142,1423.5936666666669,0.13775058145975017,2025-11,Thursday
2025-11-07,1448.89,1455.99,1462.59,1447.65,1455.12,1438.2314285714285,1425.0596666666668,0.5868812343169827,2025-11,Friday
2025-11-10,1455.99,1456.6,1457.38,1450.71,1454.045,1442.0635714285713,1426.7233333333336,-0.07387706855790377,2025-11,Monday
2025-11-11,1456.6,1460.82,1467.32,1455.66,1461.49,1446.892857142857,1428.7,0.5120199168526351,2025-11,Tuesday
2025-11-12,1460.82,1469.37,1469.95,1460.44,1465.195,1452.0221428571429,1430.7008333333333,0.2535084058050252,2025-11,Wednesday
2025-11-13,1469.29,1470.7,1474.81,1462.66,1468.735,1456.5507142857143,1432.862,0.2416060660867636,2025-11,Thursday
2025-11-14,1470.7,1449.0,1473.78,1448.57,1461.175,1458.9128571428573,1434.6163333333336,-0.514728661058661,2025-11,Friday
2025-11-17,1449.44,1462.26,1463.03,1449.44,1456.235,1460.2849999999999,1436.1101666666666,-0.3380840761715742,2025-11,Monday
2025-11-18,1462.27,1459.38,1467.39,1459.0,1463.195,1461.4385714285713,1437.8045,0.47794483720005054,2025-11,Tuesday
2025-11-19,1459.38,1466.95,1470.12,1458.02,1464.07,1462.8707142857145,1439.2178333333334,0.05980064174631039,2025-11,Wednesday
2025-11-20,1466.96,1474.42,1476.17,1465.75,1470.96,1464.2235714285712,1440.8621666666668,0.47060591365166715,2025-11,Thursday
2025-11-21,1474.42,1469.75,1478.01,1468.92,1473.465,1465.405,1442.4985000000001,0.1702969489312922,2025-11,Friday
2025-11-24,1469.74,1474.64,1479.56,1469.74,1474.65,1466.25,1444.0535000000002,0.08042267715895335,2025-11,Monday
2025-11-25,1474.64,1464.86,1476.46,1463.68,1470.07,1467.5207142857141,1445.367,-0.3105821720408297,2025-11,Tuesday
2025-11-26,1464.92,1471.41,1475.92,1457.63,1466.775,1469.0264285714288,1446.7704999999999,-0.224138986578859,2025-11,Wednesday
2025-11-27,1471.42,1462.3,1472.25,1460.7,1466.475,1469.4950000000001,1448.3813333333335,-0.02045303471903681,2025-11,Thursday
2025-11-28,1462.18,1467.6,1476.43,1461.9,1469.165,1470.2228571428573,1449.9815,0.18343306227519562,2025-11,Friday
2025-12-01,1467.55,1471.34,1471.79,1464.8,1468.295,1469.842142857143,1451.5708333333334,-0.059217310513104415,2025-12,Monday
2025-12-02,1471.34,1468.41,1472.93,1466.51,1469.72,1469.3071428571427,1453.0148333333334,0.09705134186248632,2025-12,Tuesday
2025-12-03,1468.4,1466.08,1471.31,1463.25,1467.28,1468.2542857142857,1454.2403333333334,-0.1660180170372616,2025-12,Wednesday
2025-12-04,1466.08,1474.65,1474.69,1465.23,1469.96,1468.2385714285715,1455.3604999999998,0.1826508914454017,2025-12,Thursday
2025-12-05,1474.65,1473.79,1474.75,1467.87,1471.31,1468.8864285714287,1456.5128333333334,0.0918392337206475,2025-12,Friday
2025-12-08,1473.79,1469.57,1473.79,1465.72,1469.755,1469.355,1457.7068333333334,-0.10568812826663443,2025-12,Monday
2025-12-09,1469.57,1469.71,1472.43,1465.56,1468.995,1469.330714285714,1458.8735000000001,-0.05170929848853367,2025-12,Tuesday
2025-12-10,1469.7,1468.1,1472.45,1464.18,1468.315,1469.3335714285713,1460.2316666666666,-0.046290150749306314,2025-12,Wednesday
2025-12-11,1468.17,1471.24,1473.99,1464.5,1469.245,1469.2657142857145,1461.6325,0.06333790773775938,2025-12,Thursday
2025-12-12,1471.24,1474.57,1479.7,1470.9,1475.3,1470.4114285714284,1463.2196666666669,0.41211642714455987,2025-12,Friday
2025-12-15,1474.59,1469.22,1477.73,1462.71,1470.22,1470.4485714285713,1464.5839999999998,-0.3443367450687962,2025-12,Monday
2025-12-16,1469.18,1473.24,1477.26,1468.52,1472.89,1470.6742857142856,1465.7791666666667,0.18160547401069316,2025-12,Tuesday
2025-12-17,1473.21,1475.41,1482.17,1471.57,1476.87,1471.6907142857142,1466.8535,0.2702170562635331,2025-12,Wednesday
2025-12-18,1475.41,1475.56,1479.74,1471.82,1475.78,1472.66,1467.8251666666665,-0.07380473569101875,2025-12,Thursday
2025-12-19,1475.56,1475.76,1479.4,1474.85,1477.125,1473.9185714285716,1468.5586666666666,0.09113824553794725,2025-12,Friday
2025-12-22,1475.76,1479.47,1481.73,1475.76,1478.745,1475.2757142857142,1469.382,0.10967250571209952,2025-12,Monday
2025-12-23,1479.48,1480.01,1484.54,1477.93,1481.235,1476.1235714285715,1470.0401666666667,0.16838603004574182,2025-12,Tuesday
2025-12-24,1480.02,1444.51,1480.63,1443.75,1462.19,1474.9764285714286,1469.9399999999998,-1.2857514168919781,2025-12,Wednesday
2025-12-25,1444.51,1444.51,1444.51,1444.51,1444.51,1470.922142857143,1469.1325,-1.2091451863300962,2025-12,Thursday
2025-12-26,1444.73,1442.46,1452.95,1429.9,1441.425,1465.8585714285714,1468.4741666666666,-0.21356723041031644,2025-12,Friday
2025-12-29,1441.98,1435.05,1441.98,1429.71,1435.845,1460.1535714285715,1467.7945,-0.3871169155523102,2025-12,Monday
2025-12-30,1435.1,1438.39,1449.47,1430.72,1440.095,1454.8635714285715,1467.0244999999998,0.2959929518854709,2025-12,Tuesday
2025-12-31,1438.39,1444.55,1449.69,1438.39,1444.04,1449.905714285714,1466.356833333333,0.27394026088556345,2025-12,Wednesday
2026-01-01,1444.55,1444.55,1444.55,1444.55,1444.55,1444.6650000000002,1465.4765,0.03531758123043183,2026-01,Thursday
2026-01-02,1444.36,1442.62,1446.92,1440.12,1443.52,1441.9978571428571,1464.4783333333332,-0.0713024817417196,2026-01,Friday
2026-01-05,1442.61,1444.89,1449.96,1442.6,1446.28,1442.2507142857141,1463.5326666666667,0.19119929062292318,2026-01,Monday
2026-01-06,1444.89,1446.46,1449.3,1442.81,1446.055,1442.912142857143,1462.7321666666664,-0.015557153524903278,2026-01,Tuesday
2026-01-07,1446.52,1448.7,1450.69,1445.68,1448.185,1444.675,1462.1125,0.1472973019698287,2026-01,Wednesday
2026-01-08,1448.65,1451.5,1454.46,1447.26,1450.86,1446.212857142857,1461.592,0.18471396955499486,2026-01,Thursday
2026-01-09,1451.54,1458.41,1461.8,1451.03,1456.415,1447.9807142857142,1461.1670000000001,0.3828763629847076,2026-01,Friday
2026-01-12,1458.33,1466.87,1470.29,1457.83,1464.06,1450.767857142857,1461.0258333333334,0.5249190649643021,2026-01,Monday
2026-01-13,1466.87,1476.29,1477.73,1466.08,1471.905,1454.822857142857,1461.0986666666665,0.5358386951354488,2026-01,Tuesday
2026-01-14,1476.28,1462.67,1478.89,1460.68,1469.785,1458.1807142857142,1461.1821666666667,-0.1440310346116025,2026-01,Wednesday
2026-01-15,1462.69,1470.06,1473.37,1462.69,1468.03,1461.32,1461.1178333333335,-0.11940521913069713,2026-01,Thursday
2026-01-16,1470.05,1473.7,1475.85,1469.51,1472.68,1464.8192857142858,1461.1634999999999,0.31675102007453493,2026-01,Friday
2026-01-19,1473.69,1473.71,1476.55,1471.82,1474.185,1468.1514285714286,1461.3111666666666,0.10219463834639786,2026-01,Monday
2026-01-20,1473.7,1480.86,1481.11,1472.52,1476.815,1471.0657142857144,1461.5718333333332,0.17840366032757515,2026-01,Tuesday
2026-01-21,1480.8,1464.89,1480.8,1464.1,1472.45,1472.2642857142855,1461.7096666666666,-0.29556850384103717,2026-01,Wednesday
2026-01-22,1464.91,1464.16,1471.02,1462.86,1466.94,1471.555,1461.6328333333333,-0.3742062548813152,2026-01,Thursday
2026-01-23,1464.15,1446.27,1469.79,1443.53,1456.66,1469.68,1461.0114999999998,-0.7007784912811732,2026-01,Friday
2026-01-26,1446.45,1445.85,1449.36,1432.94,1441.15,1465.8400000000001,1460.0425,-1.0647645984649845,2026-01,Monday
2026-01-27,1445.86,1429.94,1451.85,1427.68,1439.765,1461.1378571428572,1458.9383333333333,-0.09610380598826795,2026-01,Tuesday
2026-01-28,1429.91,1430.37,1437.35,1419.16,1428.255,1454.5764285714286,1457.3178333333335,-0.7994360190725525,2026-01,Wednesday
2026-01-29,1430.37,1431.71,1439.24,1423.79,1431.515,1448.105,1455.8423333333335,0.22825055749848833,2026-01,Thursday
2026-01-30,1431.71,1450.8,1451.74,1429.87,1440.805,1443.5842857142857,1454.631666666667,0.6489628121256086,2026-01,Friday
2026-02-02,1450.24,1454.4,1464.86,1448.96,1456.91,1442.1514285714288,1453.9038333333333,1.1177779088773265,2026-02,Monday
2026-02-03,1454.4,1450.45,1454.42,1439.63,1447.025,1440.775,1452.7635,-0.6784907784283201,2026-02,Tuesday
2026-02-04,1450.45,1462.12,1462.12,1447.71,1454.915,1442.7414285714287,1452.5210000000002,0.5452566472590181,2026-02,Wednesday
2026-02-05,1462.11,1471.71,1471.73,1460.03,1465.88,1446.472142857143,1453.2333333333333,0.7536522752188413,2026-02,Thursday
2026-02-06,1471.72,1464.07,1474.71,1462.31,1468.51,1452.222857142857,1454.1361666666667,0.17941441318525264,2026-02,Friday
2026-02-09,1464.03,1457.84,1468.29,1454.59,1461.44,1456.4978571428571,1454.9893333333334,-0.4814403715330484,2026-02,Monday
2026-02-10,1457.83,1456.69,1462.8,1453.41,1458.105,1458.9692857142857,1455.5896666666667,-0.22819958397197748,2026-02,Tuesday
2026-02-11,1456.76,1445.75,1459.55,1442.99,1451.27,1458.1635714285715,1455.830666666667,-0.4687591085690057,2026-02,Wednesday
2026-02-12,1445.78,1440.28,1450.67,1432.86,1441.765,1457.412142857143,1455.7378333333334,-0.6549436011217713,2026-02,Thursday
2026-02-13,1440.27,1440.63,1448.55,1439.69,1444.12,1455.8700000000001,1455.7578333333333,0.16334145994665317,2026-02,Friday
2026-02-16,1440.88,1444.11,1445.01,1437.71,1441.36,1452.3671428571429,1455.5938333333331,-0.1911198515358814,2026-02,Monday
2026-02-17,1444.05,1444.0,1449.1,1440.41,1444.755,1448.9735714285714,1455.5505,0.23554143309099107,2026-02,Tuesday
2026-02-18,1444.05,1447.53,1452.43,1440.97,1446.7,1446.867857142857,1455.501,0.13462490179996234,2026-02,Wednesday
2026-02-19,1447.18,1449.45,1452.21,1441.26,1446.735,1445.2435714285714,1455.3635,0.002419299094480465,2026-02,Thursday
2026-02-20,1449.47,1444.84,1450.98,1443.82,1447.4,1444.6907142857142,1455.0629999999999,0.04596557075069452,2026-02,Friday
2026-02-23,1444.56,1444.17,1445.38,1439.85,1442.615,1444.8121428571428,1454.3481666666667,-0.3305927870664749,2026-02,Monday
2026-02-24,1444.17,1441.28,1447.12,1439.24,1443.18,1444.677857142857,1453.3906666666667,0.039164988579765136,2026-02,Tuesday
2026-02-25,1441.29,1425.79,1442.25,1425.52,1433.885,1443.6100000000001,1452.194,-0.6440638035449586,2026-02,Wednesday
2026-02-26,1425.84,1433.03,1437.56,1419.29,1428.425,1441.2771428571427,1450.8738333333333,-0.3807836751203886,2026-02,Thursday
2026-02-27,1432.98,1440.72,1445.04,1431.43,1438.235,1440.0678571428573,1449.7256666666665,0.6867703939653858,2026-02,Friday
2026-03-02,1441.67,1454.46,1471.74,1441.67,1456.705,1441.4921428571429,1449.143,1.2842129415568504,2026-03,Monday
2026-03-03,1454.42,1479.28,1508.03,1453.29,1480.66,1446.2435714285714,1449.2711666666667,1.6444647337656049,2026-03,Tuesday
2026-03-04,1479.28,1462.61,1483.6,1457.52,1470.56,1450.2357142857145,1449.2081666666668,-0.6821282401091477,2026-03,Wednesday
2026-03-05,1462.6,1482.16,1490.45,1456.37,1473.41,1454.554285714286,1449.4238333333333,0.19380372103146026,2026-03,Thursday
2026-03-06,1482.13,1484.45,1495.54,1467.66,1481.6,1461.3707142857143,1450.2551666666668,0.5558534284414884,2026-03,Friday
2026-03-09,1485.14,1461.68,1498.14,1461.61,1479.875,1468.720714285714,1451.546,-0.11642818574513214,2026-03,Monday
2026-03-10,1461.65,1473.3,1479.68,1461.65,1470.665,1473.3535714285715,1452.576,-0.6223498606301225,2026-03,Tuesday
2026-03-11,1473.3,1479.18,1479.89,1463.64,1471.765,1475.5049999999999,1454.0263333333335,0.07479609564382539,2026-03,Wednesday
2026-03-12,1479.22,1493.26,1495.66,1475.38,1485.52,1476.1992857142857,1455.8265,0.9345921393700607,2026-03,Thursday
2026-03-13,1493.28,1503.82,1504.31,1480.47,1492.39,1479.3178571428568,1457.5459999999998,0.46246432225753864,2026-03,Friday
2026-03-16,1503.14,1489.65,1503.14,1486.92,1495.03,1482.4064285714285,1458.8166666666666,0.1768974597792683,2026-03,Monday
2026-03-17,1489.65,1487.62,1495.1,1484.25,1489.675,1483.56,1460.2383333333335,-0.35818679223827976,2026-03,Tuesday
2026-03-18,1487.61,1509.86,1510.73,1482.57,1496.65,1485.956428571429,1461.6295,0.4682229345327027,2026-03,Wednesday
2026-03-19,1509.85,1488.7,1511.69,1482.61,1497.15,1489.74,1462.6718333333333,0.0334079444091806,2026-03,Thursday
2026-03-20,1488.59,1505.74,1506.77,1486.69,1496.73,1493.3064285714286,1463.6125,-0.02805330127242378,2026-03,Friday
2026-03-23,1506.01,1486.92,1517.9,1480.55,1499.225,1495.2642857142857,1464.8719999999998,0.16669673220954806,2026-03,Monday
2026-03-24,1486.93,1495.9,1505.65,1486.46,1496.055,1495.7878571428573,1466.137,-0.21144257866563265,2026-03,Tuesday
2026-03-25,1495.9,1505.88,1507.96,1490.98,1499.47,1496.422142857143,1467.7436666666665,0.22826700890006268,2026-03,Wednesday
2026-03-26,1505.9,1508.26,1511.86,1502.15,1507.005,1498.8978571428574,1469.9183333333333,0.5025108871801409,2026-03,Thursday
2026-03-27,1508.24,1508.44,1515.46,1503.49,1509.475,1500.7299999999998,1472.0968333333335,0.16390124783924875,2026-03,Friday
2026-03-30,1508.41,1517.63,1521.98,1508.41,1515.195,1503.307857142857,1474.5580000000002,0.3789396975769632,2026-03,Monday
2026-03-31,1517.63,1506.5,1537.15,1504.65,1520.9,1506.7607142857144,1477.0961666666665,0.37651919389913857,2026-03,Tuesday
2026-04-01,1506.49,1513.89,1517.12,1497.02,1507.07,1507.8814285714286,1479.1084999999998,-0.9093300019725303,2026-04,Wednesday
2026-04-02,1513.83,1510.24,1523.9,1507.16,1515.53,1510.6635714285715,1481.4016666666669,0.5613541507693665,2026-04,Thursday
2026-04-03,1510.24,1511.27,1511.68,1504.65,1508.165,1511.9057142857143,1483.4271666666668,-0.48596860504246386,2026-04,Friday
2026-04-06,1511.19,1508.98,1511.79,1499.24,1505.515,1511.6928571428568,1485.5238333333334,-0.17571021738336245,2026-04,Monday
2026-04-07,1508.98,1496.65,1512.74,1494.51,1503.625,1510.857142857143,1487.5386666666668,-0.12553843701325063,2026-04,Tuesday
2026-04-08,1496.66,1479.54,1500.76,1470.14,1485.45,1506.6078571428573,1489.2575,-1.208745531631883,2026-04,Wednesday
2026-04-09,1479.47,1474.68,1484.62,1471.1,1477.86,1500.4592857142857,1490.9053333333334,-0.5109562758760067,2026-04,Thursday
2026-04-10,1474.66,1484.32,1487.01,1473.38,1480.195,1496.6200000000001,1492.304,0.15799872789032943,2026-04,Friday
2026-04-13,1484.36,1478.97,1496.45,1476.95,1486.7,1492.5014285714285,1493.3038333333332,0.4394691240005688,2026-04,Monday
2026-04-14,1478.98,1472.42,1485.44,1469.09,1477.265,1488.087142857143,1493.1906666666664,-0.6346270262998499,2026-04,Tuesday
2026-04-15,1472.42,1475.16,1479.26,1470.42,1474.84,1483.7050000000002,1493.3333333333333,-0.16415470480923844,2026-04,Wednesday
2026-04-16,1475.16,1479.58,1480.89,1466.5,1473.695,1479.429285714286,1493.3428333333334,-0.07763554012638618,2026-04,Thursday
2026-04-17,1479.55,1466.4,1485.55,1454.49,1470.02,1477.2250000000001,1492.9568333333332,-0.2493731742321148,2026-04,Friday
2026-04-20,1467.11,1471.95,1479.1,1465.4,1472.25,1476.4235714285714,1492.7026666666666,0.15169861634536375,2026-04,Monday
2026-04-21,1471.96,1481.86,1488.23,1467.95,1478.09,1476.122857142857,1492.9501666666667,0.3966717609101611,2026-04,Tuesday
2026-04-22,1481.92,1478.72,1486.74,1474.22,1480.48,1475.234285714286,1493.2406666666664,0.16169516064652445,2026-04,Wednesday
2026-04-23,1478.64,1483.35,1487.18,1476.77,1481.975,1475.9071428571426,1493.1225000000002,0.10098076299578373,2026-04,Thursday
2026-04-24,1483.28,1476.6,1485.88,1474.78,1480.33,1476.6914285714283,1492.7205,-0.11100052295078822,2026-04,Friday
2026-04-27,1476.61,1473.9,1477.59,1469.43,1473.51,1476.6649999999997,1492.0031666666666,-0.4607080853593404,2026-04,Monday
2026-04-28,1473.89,1472.77,1478.7,1471.83,1475.265,1477.4142857142856,1491.5228333333332,0.11910336543357047,2026-04,Tuesday
2026-04-29,1472.77,1488.82,1493.08,1472.35,1482.715,1478.909285714286,1491.0583333333334,0.5049940180238632,2026-04,Wednesday
2026-04-30,1488.81,1474.0,1488.95,1471.94,1480.445,1479.2457142857145,1490.5015,-0.15309752717144187,2026-04,Thursday
2026-05-01,1473.97,1471.16,1476.76,1466.61,1471.685,1477.9892857142856,1489.6666666666667,-0.5917139778917835,2026-05,Friday
2026-05-04,1471.29,1476.25,1479.48,1463.64,1471.56,1476.5014285714285,1488.7445,-0.008493665424325059,2026-05,Monday
2026-05-05,1476.25,1468.22,1478.39,1466.42,1472.405,1475.3692857142858,1487.9561666666666,0.057422055505718106,2026-05,Tuesday
2026-05-06,1468.25,1445.57,1474.9,1439.21,1457.055,1473.0185714285715,1486.5423333333333,-1.0425120805756527,2026-05,Wednesday
2026-05-07,1445.6,1458.65,1458.72,1445.09,1451.905,1469.6814285714283,1484.705666666667,-0.3534526836667218,2026-05,Thursday
2026-05-08,1458.66,1462.01,1470.93,1456.08,1463.505,1466.937142857143,1483.1733333333332,0.7989503445473556,2026-05,Friday
2026-05-11,1461.99,1473.91,1476.81,1461.99,1469.4,1465.3592857142855,1481.6468333333332,0.4028001270921511,2026-05,Monday
2026-05-12,1473.95,1493.24,1494.45,1473.95,1484.2,1467.1471428571429,1480.4235,1.0072138287736454,2026-05,Tuesday
2026-05-13,1493.25,1490.15,1499.91,1486.83,1493.37,1470.2628571428572,1479.9668333333334,0.6178412612855233,2026-05,Wednesday
2026-05-14,1490.14,1493.97,1495.06,1488.4,1491.73,1473.0235714285714,1479.1734999999999,-0.1098187321293409,2026-05,Thursday
2026-05-15,1493.98,1497.9,1507.83,1491.95,1499.89,1479.142857142857,1478.8976666666665,0.5470158808899894,2026-05,Friday
2026-05-18,1497.9,1489.49,1506.89,1489.02,1497.955,1485.7214285714288,1478.6456666666666,-0.12900946069379637,2026-05,Monday
2026-05-19,1489.48,1508.02,1513.28,1488.06,1500.67,1491.0307142857143,1478.5471666666665,0.18124710021329982,2026-05,Tuesday
2026-05-20,1508.01,1497.93,1513.35,1492.82,1503.085,1495.8428571428572,1479.135,0.1609281187736178,2026-05,Wednesday
2026-05-21,1497.92,1504.35,1511.71,1496.47,1504.09,1498.6842857142856,1480.0093333333332,0.0668624861534628,2026-05,Thursday
2026-05-22,1504.37,1521.09,1521.4,1502.23,1511.815,1501.3192857142858,1481.0633333333333,0.5135995851312192,2026-05,Friday
2026-05-25,1521.09,1512.55,1521.11,1505.68,1513.395,1504.4142857142858,1481.9531666666667,0.1045101417832095,2026-05,Monday
2026-05-26,1512.57,1507.36,1518.78,1501.12,1509.95,1505.8514285714284,1483.042666666667,-0.22763389597559858,2026-05,Tuesday
2026-05-27,1507.37,1502.54,1509.06,1493.82,1501.44,1506.3492857142858,1483.9293333333333,-0.5635948210205632,2026-05,Wednesday
2026-05-28,1502.56,1496.4,1510.97,1493.2,1502.085,1506.5514285714287,1484.8756666666666,0.042958759590794315,2026-05,Thursday
2026-05-29,1496.4,1507.49,1510.61,1493.17,1501.89,1506.3807142857145,1485.9379999999999,-0.012981955082436158,2026-05,Friday
2026-06-01,1507.49,1514.57,1518.3,1501.95,1510.125,1507.2428571428572,1487.2005,0.5483091304955723,2026-06,Monday
2026-06-02,1514.58,1517.42,1520.1,1509.45,1514.775,1507.6657142857143,1488.4233333333332,0.3079215296746929,2026-06,Tuesday
2026-06-03,1517.45,1534.35,1537.79,1514.88,1526.335,1509.5142857142857,1489.9518333333333,0.7631496426862006,2026-06,Wednesday
2026-06-04,1534.34,1533.4,1540.64,1523.47,1532.055,1512.6721428571432,1491.6211666666666,0.3747539039594905,2026-06,Thursday
2026-06-05,1533.37,1559.78,1562.36,1532.37,1547.365,1519.2328571428573,1493.8556666666668,0.9993113824242617,2026-06,Friday
2026-06-08,1559.76,1526.87,1559.76,1525.85,1542.805,1525.0500000000004,1496.1655,-0.2946945290865366,2026-06,Monday
2026-06-09,1526.87,1522.92,1535.41,1509.79,1522.6,1528.0085714285713,1497.7433333333333,-1.309627593895546,2026-06,Tuesday
2026-06-10,1522.93,1523.47,1528.77,1515.11,1521.94,1529.6964285714287,1499.0508333333332,-0.04334690660711127,2026-06,Wednesday
2026-06-11,1523.46,1516.19,1533.96,1515.48,1524.72,1531.1171428571429,1500.5266666666664,0.18266160295412615,2026-06,Thursday
2026-06-12,1516.2,1518.61,1525.98,1515.21,1520.595,1530.297142857143,1502.157,-0.27054147646781157,2026-06,Friday
2026-06-15,1518.62,1513.62,1518.63,1503.98,1511.305,1527.3328571428574,1503.4818333333335,-0.6109450576912256,2026-06,Monday
2026-06-16,1513.61,1509.76,1522.04,1505.75,1513.895,1522.5514285714285,1504.8648333333335,0.17137506988993412,2026-06,Tuesday
2026-06-17,1509.77,1527.37,1532.99,1509.36,1521.175,1519.4614285714288,1507.0021666666667,0.4808787927828462,2026-06,Wednesday
2026-06-18,1527.4,1538.29,1543.63,1519.1,1531.365,1520.7135714285716,1509.6508333333331,0.6698769043666841,2026-06,Thursday
2026-06-19,1538.28,1526.25,1540.39,1526.18,1533.285,1522.3342857142857,1511.9768333333334,0.12537833893291328,2026-06,Friday
2026-06-22,1526.38,1538.29,1541.47,1526.38,1533.925,1523.6492857142857,1514.1276666666668,0.04174044616622741,2026-06,Monday
2026-06-23,1538.29,1532.88,1542.22,1531.09,1536.655,1525.9435714285714,1515.8761666666667,0.17797480320094206,2026-06,Tuesday
2026-06-24,1532.88,1542.26,1548.49,1530.01,1539.25,1529.935714285714,1517.4055,0.16887329947190555,2026-06,Wednesday
2026-06-25,1542.26,1545.05,1549.16,1536.07,1542.615,1534.0385714285715,1519.1016666666667,0.2186129608575671,2026-06,Thursday
2026-06-26,1545.06,1535.31,1550.27,1532.8,1541.535,1536.9471428571428,1520.4898333333335,-0.07001098783558923,2026-06,Friday
2026-06-29,1535.29,1540.6,1545.85,1534.78,1540.315,1538.2257142857143,1521.9018333333333,-0.07914189428069873,2026-06,Monday
2026-06-30,1540.77,1547.29,1555.02,1540.44,1547.73,1540.2892857142856,1523.4705000000001,0.48139503932635996,2026-06,Tuesday
2026-07-01,1547.27,1550.86,1559.06,1545.14,1552.1,1542.8857142857144,1525.1043333333332,0.28234898851866586,2026-07,Wednesday
2026-07-02,1550.86,1540.07,1556.62,1536.53,1546.575,1544.3028571428572,1526.5204999999999,-0.35596933187294066,2026-07,Thursday
2026-07-03,1540.09,1529.2,1548.09,1525.65,1536.87,1543.962857142857,1527.3556666666666,-0.6275156393967363,2026-07,Friday
2026-07-06,1529.24,1528.75,1537.17,1526.51,1531.84,1542.4235714285714,1527.9705000000001,-0.3272885800360448,2026-07,Monday
2026-07-07,1528.76,1514.65,1543.49,1510.34,1526.915,1540.3350000000003,1528.5359999999998,-0.32150877376226905,2026-07,Tuesday
2026-07-08,1514.66,1505.67,1521.66,1499.06,1510.36,1536.0557142857142,1528.8333333333333,-1.0842122842463442,2026-07,Wednesday
2026-07-09,1505.7,1505.64,1529.72,1497.01,1513.365,1531.1464285714285,1529.2093333333335,0.19895918853782835,2026-07,Thursday
2026-07-10,1505.89,1499.17,1512.88,1499.04,1505.96,1524.555,1529.3450000000003,-0.48930694181509304,2026-07,Friday
2026-07-13,1499.17,1498.0,1508.91,1491.65,1500.28,1517.9414285714283,1529.0168333333336,-0.3771680522723142,2026-07,Monday
2026-07-14,1497.93,1489.38,1499.45,1485.98,1492.715,1511.6335714285713,1528.2815,-0.5042392086810454,2026-07,Tuesday
2026-07-15,1489.37,1485.78,1494.16,1484.73,1489.445,1505.5771428571427,1527.0518333333334,-0.21906392044026557,2026-07,Wednesday
2026-07-16,1485.77,1479.95,1488.89,1477.35,1483.12,1499.3207142857143,1525.4206666666666,-0.4246548210910861,2026-07,Thursday
2026-07-17,1479.89,1487.81,1491.41,1476.84,1484.125,1495.5728571428572,1523.3126666666665,0.06776255461460323,2026-07,Friday
2026-07-20,1487.81,1475.96,1490.25,1475.73,1482.99,1491.2335714285714,1521.3188333333333,-0.07647603806957282,2026-07,Monday
2026-07-21,1475.97,1481.72,1482.35,1470.89,1476.62,1487.0421428571426,1519.7861666666665,-0.4295376233150683,2026-07,Tuesday
2026-07-22,1481.72,1477.13,1484.4,1475.73,1480.065,1484.1542857142856,1518.3903333333335,0.2333030840703909,2026-07,Wednesday
2026-07-23,1477.12,1475.72,1477.81,1465.33,1471.57,1481.1335714285713,1516.6186666666667,-0.5739612787276305,2026-07,Thursday
2026-07-24,1475.72,1459.48,1475.74,1459.2,1467.47,1477.9942857142858,1514.8478333333333,-0.27861399729539604,2026-07,Friday
2026-07-27,1459.49,1465.14,1472.02,1457.83,1464.925,1475.395,1513.3018333333334,-0.17342773617178286,2026-07,Monday
2026-07-28,1465.13,1453.1,1471.64,1451.79,1461.715,1472.1935714285714,1511.5625,-0.2191238459306799,2026-07,Tuesday
2026-07-29,1453.1,1442.79,1457.2,1439.73,1448.465,1467.2614285714285,1509.1388333333334,-0.9064694553999941,2026-07,Wednesday
2026-07-30,1442.79,1423.8,1447.65,1418.75,1433.2,1461.0585714285714,1505.8666666666666,-1.0538742738001816,2026-07,Thursday
2026-07-31,1423.8,1442.8,1444.88,1421.56,1433.22,1454.3664285714287,1502.5311666666666,0.0013954786491687798,2026-07,Friday
2026-08-03,1442.61,1429.41,1442.61,1425.44,1434.025,1449.0028571428572,1499.2011666666665,0.05616723182764183,2026-08,Monday
2026-08-04,1429.41,1429.71,1436.35,1420.82,1428.585,1443.4478571428572,1495.5988333333332,-0.37935182441031223,2026-08,Tuesday
2026-08-05,1429.71,1421.49,1430.55,1420.68,1425.615,1437.832142857143,1491.811,-0.20789802496876675,2026-08,Wednesday
2026-08-06,1421.49,1423.2,1429.23,1414.45,1421.84,1432.1357142857144,1487.7851666666668,-0.264797999459887,2026-08,Thursday
2026-08-07,1423.2,1407.86,1425.05,1406.97,1416.01,1427.4992857142856,1483.6009999999999,-0.4100320711191041,2026-08,Friday
2026-08-10,1409.04,1418.0,1419.67,1407.92,1413.795,1424.7271428571428,1479.3836666666668,-0.15642544897280786,2026-08,Monday
2026-08-11,1417.99,1411.72,1419.14,1409.55,1414.345,1422.0307142857143,1474.9375,0.03890238683825764,2026-08,Tuesday
2026-08-12,1411.73,1418.03,1418.87,1411.73,1415.3,1419.3557142857142,1470.3774999999998,0.06752242203988956,2026-08,Wednesday
2026-08-13,1418.03,1418.76,1426.0,1411.55,1418.775,1417.9542857142858,1466.1175,0.24553098283051078,2026-08,Thursday
2026-08-14,1418.75,1416.53,1419.87,1409.14,1414.505,1416.3671428571429,1462.0386666666668,-0.3009638596676689,2026-08,Friday
2026-08-17,1416.52,1417.14,1417.33,1409.49,1413.41,1415.162857142857,1458.0910000000001,-0.07741223961739152,2026-08,Monday
2026-08-18,1417.01,1413.18,1417.4,1408.25,1412.825,1414.7078571428574,1454.288,-0.04138926426161538,2026-08,Tuesday
2026-08-19,1413.23,1388.62,1414.04,1384.8,1399.42,1412.6542857142856,1450.5900000000001,-0.9488082388123042,2026-08,Wednesday
2026-08-20,1388.62,1394.51,1396.93,1384.24,1390.585,1409.26,1446.4973333333332,-0.6313329808063317,2026-08,Thursday
2026-08-21,1394.54,1386.23,1395.34,1380.06,1387.7,1405.317142857143,1442.5553333333332,-0.2074666417371085,2026-08,Friday
2026-08-24,1386.22,1383.46,1386.22,1376.4,1381.31,1399.965,1438.5896666666667,-0.46047416588600454,2026-08,Monday
2026-08-25,1383.5,1381.41,1386.87,1379.04,1382.955,1395.4578571428572,1434.931,0.11908984949069445,2026-08,Tuesday
2026-08-26,1381.46,1384.75,1388.19,1377.84,1383.015,1391.1157142857144,1431.3833333333334,0.004338535961045942,2026-08,Wednesday
2026-08-27,1384.72,1381.79,1385.88,1377.1,1381.49,1386.6392857142857,1427.9956666666667,-0.11026633839835709,2026-08,Thursday
2026-08-28,1381.7,1376.5,1382.55,1371.17,1376.86,1383.4164285714285,1424.4201666666668,-0.33514538650298853,2026-08,Friday
2026-08-31,1376.56,1367.06,1379.32,1365.9,1372.61,1380.8485714285714,1420.7408333333333,-0.30867335822087894,2026-08,Monday
2026-09-01,1367.06,1373.81,1375.17,1364.09,1369.63,1378.2671428571427,1417.1745,-0.21710464006525765,2026-09,Tuesday
2026-09-02,1373.75,1358.2,1375.44,1357.39,1366.415,1376.1392857142857,1413.3861666666667,-0.2347349284113287,2026-09,Wednesday
2026-09-03,1358.22,1356.58,1363.2,1354.88,1359.04,1372.722857142857,1409.6351666666667,-0.5397335362975375,2026-09,Thursday
2026-09-04,1356.59,1345.47,1359.13,1344.13,1351.63,1368.2392857142856,1405.7738333333334,-0.5452378149281789,2026-09,Friday
2026-09-07,1345.69,1345.02,1349.15,1336.21,1342.68,1362.695,1401.699,-0.6621634618941608,2026-09,Monday
2026-09-08,1345.01,1340.21,1346.77,1336.49,1341.63,1357.662142857143,1397.6961666666668,-0.07820180534453547,2026-09,Tuesday
2026-09-09,1340.21,1340.1,1342.02,1334.4,1338.21,1352.7478571428571,1394.021,-0.25491379888643584,2026-09,Wednesday
2026-09-10,1340.1,1350.03,1350.7,1336.05,1343.375,1348.9971428571428,1391.0268333333333,0.38596333908729186,2026-09,Thursday
2026-09-11,1350.03,1341.35,1350.13,1336.61,1343.37,1345.705,1388.0318333333335,-0.0003721968921621688,2026-09,Friday
2026-09-14,1341.64,1347.87,1350.16,1341.64,1345.9,1343.827857142857,1385.0943333333335,0.18833232839798875,2026-09,Monday
2026-09-15,1347.86,1362.31,1365.13,1345.87,1355.5,1344.3807142857145,1382.6581666666668,0.7132773608737653,2026-09,Tuesday
2026-09-16,1362.31,1377.69,1379.08,1362.31,1370.695,1348.3828571428571,1380.8275,1.1209885651051188,2026-09,Wednesday
2026-09-17,1377.64,1380.66,1388.27,1374.26,1381.265,1354.045,1379.475,0.7711416471206434,2026-09,Thursday
2026-09-18,1380.67,1385.9,1390.17,1379.94,1385.055,1360.7371428571428,1378.4431666666667,0.2743861605122744,2026-09,Friday
